{"stats":{"minecraft:used":{"minecraft:potion":1,"minecraft:glass_bottle":1},"minecraft:picked_up":{"mythic_charms:experience_nugget":2,"minecraft:wheat_seeds":10,"minecraft:glass_bottle":1,"minecraft:mutton":2,"minecraft:dirt":1,"minecraft:white_wool":1},"minecraft:killed":{"minecraft:sheep":1},"minecraft:mined":{"minecraft:grass":30,"minecraft:grass_block":2,"minecraft:tall_grass":3},"minecraft:custom":{"minecraft:time_since_rest":7940,"minecraft:crouch_one_cm":132,"minecraft:sprint_one_cm":11707,"minecraft:play_time":7940,"minecraft:walk_one_cm":17191,"minecraft:sneak_time":55,"minecraft:walk_under_water_one_cm":1957,"minecraft:mob_kills":1,"minecraft:drop":10,"minecraft:jump":161,"minecraft:damage_dealt":224,"minecraft:leave_game":2,"minecraft:time_since_death":7940,"minecraft:climb_one_cm":12,"minecraft:total_world_time":7940,"minecraft:fall_one_cm":6016,"minecraft:fly_one_cm":42985},"minecraft:dropped":{"minecraft:wheat_seeds":8,"minecraft:glass_bottle":1,"minecraft:mutton":1,"mythic_charms:experience_nugget":1}},"DataVersion":3465}