{"stats":{"minecraft:picked_up":{"mythic_charms:experience_nugget":1,"minecraft:wheat_seeds":8,"minecraft:mutton":1,"minecraft:white_wool":1,"minecraft:dirt":1},"minecraft:killed":{"minecraft:sheep":1},"minecraft:mined":{"minecraft:grass":15,"minecraft:grass_block":2,"minecraft:tall_grass":1},"minecraft:custom":{"minecraft:time_since_rest":2475,"minecraft:play_time":2475,"minecraft:sprint_one_cm":5078,"minecraft:walk_one_cm":8267,"minecraft:sneak_time":10,"minecraft:walk_under_water_one_cm":1957,"minecraft:mob_kills":1,"minecraft:drop":7,"minecraft:jump":54,"minecraft:damage_dealt":176,"minecraft:leave_game":1,"minecraft:time_since_death":2475,"minecraft:total_world_time":2475,"minecraft:fall_one_cm":2405,"minecraft:fly_one_cm":13968},"minecraft:dropped":{"minecraft:wheat_seeds":8}},"DataVersion":3465}